{ "id": 1, "c1": "A", "c2": "A", "c3": "A", "ts": "2020-04-09 11:32:20.540394", "cud_fg": "I" }
{ "id": 2, "c1": "A", "c2": "A", "c3": "A", "ts": "2020-04-09 11:32:20.56985", "cud_fg": "I" }
{ "id": 3, "c1": "A", "c2": "A", "c3": "A", "ts": "2020-04-09 11:32:20.594623", "cud_fg": "I" }
{ "id": 1, "c1": "B", "c2": "B", "c3": "B", "ts": "2020-04-09 11:32:20.612565", "cud_fg": "U" }
{ "id": 2, "c1": "B", "c2": "B", "c3": "B", "ts": "2020-04-09 11:32:20.616394", "cud_fg": "U" }
{ "id": 3, "c1": "B", "c2": "B", "c3": "B", "ts": "2020-04-09 11:32:20.643404", "cud_fg": "U" }
{ "id": 1, "ts": "2020-04-09 11:32:20.678296", "cud_fg": "D" }
{ "id": 1, "c1": "B", "c2": "A1", "c3": "A", "ts": "2020-04-09 11:32:20.68616", "cud_fg": "I" }
{ "id": 2, "c1": "B", "c2": "C", "c3": "A", "ts": "2020-04-09 11:32:20.693956", "cud_fg": "I" }
{ "id": 4, "ts": "2020-04-09 11:32:20.725993", "cud_fg": "D" }
{ "id": 4, "c1": "A1", "c2": "A1", "c3": "A1", "ts": "2020-04-09 11:32:20.73141", "cud_fg": "I" }
{ "id": 4, "ts": "2020-04-09 11:32:20.736244", "cud_fg": "D" }
{ "id": 5, "c1": "A", "c2": "A", "c3": "A", "ts": "2020-04-09 11:32:20.74258", "cud_fg": "I" }
{ "id": 5, "ts": "2020-04-09 11:32:20.750595", "cud_fg": "D" }
{ "id": 5, "c1": "A1", "c2": "A1", "c3": "A1", "ts": "2020-04-09 11:32:20.762808", "cud_fg": "I" }
{ "id": 6, "c1": "A", "c2": "A", "c3": "A", "ts": "2020-04-09 11:32:20.783584", "cud_fg": "I" }
{ "id": 6, "c1": "B", "c2": "B", "c3": "B", "ts": "2020-04-09 11:32:20.80229", "cud_fg": "U" }
{ "id": 6, "c1": "C", "c2": "D", "c3": "D", "ts": "2020-04-09 11:32:20.824771", "cud_fg": "U" }
{ "id": 6, "c1": "D", "c2": "D", "c3": "D", "ts": "2020-04-09 11:32:20.85111", "cud_fg": "U" }